EntityId,TeamId,Name,ShortName,RowId,TeamAbbreviation,SecondsPlayed,GamesPlayed,Minutes,PlusMinus,OffPoss,DefPoss,SecondChanceOffPoss,TotalPoss,ShortMidRangeFGA,FG2A,OpponentPoints,SecondChanceFG2A,Fg2aBlocked,OffTwoPtRebounds,DefTwoPtRebounds,DefRebounds,OffRebounds,Rebounds,LiveBallTurnovers,LostBallTurnovers,Turnovers,ShootingFouls,Fouls,FG2APctBlocked,ShortMidRangePctBlocked,LiveBallTurnoverPct,DefTwoPtReboundPct,OffTwoPtReboundPct,DefFGReboundPct,OffFGReboundPct,OffShortMidRangeReboundPct,DefShortMidRangeReboundPct,Pace,SecondsPerPossOff,SecondsPerPossDef,SecondsExcludingORebsPerPossOff,SecondsExcludingORebsPerPossDef,ShortMidRangeFrequency,ShotQualityAvg,SecondChanceShotQualityAvg,Avg2ptShotDistance,PenaltyDefPoss,LongMidRangeFGA,BadPassTurnovers,SecondChanceTurnovers,LongMidRangePctBlocked,OffLongMidRangeReboundPct,DefAtRimReboundPct,LongMidRangeFrequency,AtRimFGM,AtRimFGA,LongMidRangeFGM,Arc3FGA,SecondChanceArc3FGA,FG2M,FG3A,FtPoints,Points,SecondChanceFG3A,PtsAssisted2s,PtsUnassisted2s,NonHeaveArc3FGA,Fg3aBlocked,TwoPtAssists,Assists,AtRimAssists,AssistPoints,OffThreePtRebounds,DefThreePtRebounds,FTDefRebounds,Steals,LostBallSteals,FoulsDrawn,FTA,TwoPtShootingFoulsDrawn,FirstChancePoints,Assisted2sPct,NonPutbacksAssisted2sPct,Fg2Pct,EfgPct,TsPct,FG3APct,FG3APctBlocked,Arc3PctBlocked,DefFTReboundPct,DefThreePtReboundPct,OffThreePtReboundPct,OffArc3ReboundPct,DefArc3ReboundPct,AtRimFrequency,AtRimAccuracy,UnblockedAtRimAccuracy,AtRimPctAssisted,LongMidRangeAccuracy,UnblockedLongMidRangeAccuracy,Arc3Frequency,SecondChanceArc3Frequency,AtRimFG3AFrequency,ShootingFoulsDrawnPct,TwoPtShootingFoulsDrawnPct,Avg3ptShotDistance,PenaltyOffPoss,PenaltyArc3FGA,PenaltyFG3A,PenaltyOffPossExcludingTakeFouls,PenaltyArc3Frequency,PenaltyShotQualityAvg,PenaltyOffPossPct,Corner3FGA,PenaltyCorner3FGA,Corner3Frequency,PenaltyCorner3Frequency,PenaltyAtRimFGA,ShortMidRangeFGM,SecondChanceFtPoints,SecondChancePoints,PenaltyFG2M,PenaltyFG2A,PenaltyFtPoints,PenaltyPoints,SelfOReb,NonShootingFoulsDrawn,PenaltyPointsExcludingTakeFouls,NonShootingPenaltyNonTakeFouls,NonShootingPenaltyNonTakeFoulsDrawn,PenaltyFg2Pct,PenaltyEfgPct,SecondChanceTsPct,PenaltyTsPct,OffAtRimReboundPct,SelfORebPct,ShortMidRangeAccuracy,UnblockedShortMidRangeAccuracy,PenaltyAtRimFrequency,SecondChancePointsPct,PenaltyPointsPct,LongMidRangeAssists,LongMidRangePctAssisted,SecondChanceAtRimFGM,SecondChanceAtRimFGA,SecondChanceFG2M,PtsPutbacks,ShortMidRangeAssists,BadPassSteals,DeadBallTurnovers,PenaltyTurnovers,Charge Fouls,Charge Fouls Drawn,Loose Ball Fouls Drawn,2pt And 1 Free Throw Trips,Blocked2s,BlockedAtRim,Blocks,RecoveredBlocks,SecondChanceFg2Pct,SecondChanceEfgPct,BlocksRecoveredPct,ShortMidRangePctAssisted,SecondChanceAtRimFrequency,SecondChanceAtRimAccuracy,Loose Ball Fouls,PenaltyAtRimFGM,Corner3FGM,Arc3FGM,PenaltyArc3FGM,FG3M,PenaltyFG3M,PtsAssisted3s,NonHeaveArc3FGM,ThreePtAssists,Arc3Assists,Corner3Assists,StepOutOfBoundsTurnovers,Travels,Offensive Fouls,BlockedShortMidRange,Assisted3sPct,Fg3Pct,PenaltyFg3Pct,NonHeaveFg3Pct,AtRimPctBlocked,DefLongMidRangeReboundPct,DefCorner3ReboundPct,Corner3Accuracy,UnblockedCorner3Accuracy,Corner3PctAssisted,Arc3Accuracy,UnblockedArc3Accuracy,Arc3PctAssisted,PenaltyAtRimAccuracy,PenaltyArc3Accuracy,NonHeaveArc3Accuracy,PenaltyCorner3FGM,PtsUnassisted3s,PenaltyCorner3Accuracy,FTOffRebounds,OffFTReboundPct,BadPassOutOfBoundsTurnovers,OffensiveGoaltends,LostBallOutOfBoundsTurnovers,OffCorner3ReboundPct,ThreePtShootingFoulsDrawn,ThreePtShootingFoulsDrawnPct,HeaveAttempts,Technical Free Throw Trips,SecondChanceArc3FGM,SecondChanceFG3M,SecondChanceFg3Pct,SecondChanceArc3Accuracy,SecondChanceArc3PctAssisted,Offensive Fouls Drawn,SecondChanceAtRimPctAssisted,BlockedLongMidRange,SecondChanceCorner3FGA,SecondChanceCorner3Frequency,team_id,year,season,team_vs
1628990-1629060-201566-202397-203078,1610612764,"Chandler Hutchison, Rui Hachimura, Russell Westbrook, Ish Smith, Bradley Beal","Hutchison, Hachimura, Westbrook, Smith, Beal",1628990-1629060-201566-202397-203078,WAS,54.0,1,1.0,-3.0,2.0,2.0,1.0,4.0,3.0,3.0,3.0,2.0,2.0,2.0,1.0,1.0,2.0,3.0,1.0,1.0,1.0,1.0,2.0,0.6666666666666666,0.6666666666666666,1.0,1.0,0.6666666666666666,1.0,0.6666666666666666,0.6666666666666666,1.0,106.66666666666666,15.5,11.5,11.5,11.5,1.0,0.39953333333333335,0.3792,11.633333333333333,,,,,,,,,,,,,,,,,,,,,,,,,,,,,,,,,,,,,,,,,,,,,,,,,,,,,,,,,,,,,,,,,,,,,,,,,,,,,,,,,,,,,,,,,,,,,,,,,,,,,,,,,,,,,,,,,,,,,,,,,,,,,,,,,,,,,,,,,,,,,,,,,,,,,,,,,,,,,,,,,,,,,,,,,,,,,,,1610612764,2021,2020-21,False
1628990-1629060-201577-202397-203078,1610612764,"Chandler Hutchison, Rui Hachimura, Robin Lopez, Ish Smith, Bradley Beal","Hutchison, Hachimura, Lopez, Smith, Beal",1628990-1629060-201577-202397-203078,WAS,49.0,1,1.0,-1.0,2.0,2.0,1.0,4.0,,1.0,1.0,,1.0,1.0,1.0,1.0,1.0,2.0,2.0,1.0,2.0,1.0,1.0,1.0,,1.0,1.0,1.0,1.0,1.0,,,117.55102040816327,13.0,11.5,12.5,11.5,,0.4497,,16.6,2.0,1.0,1.0,1.0,1.0,1.0,1.0,1.0,,,,,,,,,,,,,,,,,,,,,,,,,,,,,,,,,,,,,,,,,,,,,,,,,,,,,,,,,,,,,,,,,,,,,,,,,,,,,,,,,,,,,,,,,,,,,,,,,,,,,,,,,,,,,,,,,,,,,,,,,,,,,,,,,,,,,,,,,,,,,,,,,,,,,,,,,,,,,,,,,,,,,,,1610612764,2021,2020-21,False
1628990-1629060-202397-203078-203526,1610612764,"Chandler Hutchison, Rui Hachimura, Ish Smith, Bradley Beal, Raul Neto","Hutchison, Hachimura, Smith, Beal, Neto",1628990-1629060-202397-203078-203526,WAS,17.0,1,,,,1.0,,1.0,,,,,,,,,,,,,,,,,,,,,,,,,84.70588235294117,,17.0,,17.0,,,,,,,,,,,,,,,,,,,,,,,,,,,,,,,,,,,,,,,,,,,,,,,,,,,,,,,,,,,,,,,,,,,,,,,,,,,,,,,,,,,,,,,,,,,,,,,,,,,,,,,,,,,,,,,,,,,,,,,,,,,,,,,,,,,,,,,,,,,,,,,,,,,,,,,,,,,,,,,,,,,,,,,,,,,,,,,,,,,1610612764,2021,2020-21,False
1628990-1629655-201566-202397-202722,1610612764,"Chandler Hutchison, Daniel Gafford, Russell Westbrook, Ish Smith, Davis Bertans","Hutchison, Gafford, Westbrook, Smith, Bertans",1628990-1629655-201566-202397-202722,WAS,228.0,1,4.0,-3.0,8.0,7.0,1.0,15.0,2.0,5.0,8.0,,,,,2.0,1.0,3.0,,,,1.0,2.0,,,,,,0.5,0.16666666666666666,,,94.73684210526316,11.625,19.285714285714285,10.5,19.0,0.25,0.52813125,,6.540000000000001,6.0,1.0,,,,,,0.125,1.0,2.0,1.0,3.0,1.0,2.0,3.0,1.0,5.0,1.0,2.0,2.0,3.0,1.0,1.0,1.0,1.0,2.0,1.0,1.0,1.0,1.0,1.0,1.0,2.0,1.0,5.0,0.5,0.5,0.4,0.25,0.2777777777777778,0.375,0.3333333333333333,0.3333333333333333,1.0,1.0,0.3333333333333333,0.3333333333333333,1.0,0.25,0.5,0.5,1.0,1.0,1.0,0.375,1.0,0.625,0.1111111111111111,0.16666666666666666,26.2,,,,,,,,,,,,,,,,,,,,,,,,,,,,,,,,,,,,,,,,,,,,,,,,,,,,,,,,,,,,,,,,,,,,,,,,,,,,,,,,,,,,,,,,,,,,,,,,,,,,,,,,,,,,,,,,,,,1610612764,2021,2020-21,False
1628990-1629655-202397-202722-203078,1610612764,"Chandler Hutchison, Daniel Gafford, Ish Smith, Davis Bertans, Bradley Beal","Hutchison, Gafford, Smith, Bertans, Beal",1628990-1629655-202397-202722-203078,WAS,44.0,1,1.0,-3.0,2.0,2.0,,4.0,,,4.0,,,,,,,,1.0,1.0,1.0,,,,,1.0,,,,,,,130.9090909090909,10.0,12.0,10.0,12.0,,,,,2.0,,,,,,,,,,,,,,,1.0,1.0,,,,,,,,,,,,,,,1.0,2.0,1.0,1.0,,,,,0.5,,,,,,,,,,,,,,,,,,1.0,1.0,,,,,,,,,,,,,,,,,,,,,,,,,,,,,,,,,,,,,,,,,,,,,,,,,,,,,,,,,,,,,,,,,,,,,,,,,,,,,,,,,,,,,,,,,,,,,,,,,,,,,,,,,,,,,,,,,,,,1610612764,2021,2020-21,False
1628990-201566-201577-203078-203526,1610612764,"Chandler Hutchison, Russell Westbrook, Robin Lopez, Bradley Beal, Raul Neto","Hutchison, Westbrook, Lopez, Beal, Neto",1628990-201566-201577-203078-203526,WAS,17.0,1,,,1.0,,,1.0,,,,,,,,,,,,,,,,,,,,,,,,,84.70588235294117,17.0,,17.0,,,0.2997,,,,,,,,,,,,,,1.0,,,1.0,,,,,,1.0,,,,,,,,,,,,,,,,,,,,1.0,,,,,,,,,,,,,,1.0,,1.0,,,27.3,1.0,1.0,1.0,1.0,1.0,0.2997,1.0,,,,,,,,,,,,,,,,,,,,,,,,,,,,,,,,,,,,,,,,,,,,,,,,,,,,,,,,,,,,,,,,,,,,,,,,,,,,,,,,,,,,,,,,,,,,,,,,,,,,,,,,,,,,1610612764,2021,2020-21,False
1629060-1629067-201566-202397-202722,1610612764,"Rui Hachimura, Isaac Bonga, Russell Westbrook, Ish Smith, Davis Bertans","Hachimura, Bonga, Westbrook, Smith, Bertans",1629060-1629067-201566-202397-202722,WAS,21.0,1,,-2.0,1.0,1.0,,2.0,,,2.0,,,,,,,,,,,,,,,,,,,,,,137.14285714285714,6.0,15.0,6.0,15.0,,0.3807,,,1.0,,,,,,,,,,,,,,1.0,,,,,,,,,,,,,,,,,,,,,,,,,,1.0,,,,,,,,,,,,,,,,1.0,,,24.5,1.0,,1.0,1.0,,0.3807,1.0,1.0,1.0,1.0,1.0,,,,,,,,,,,,,,,,,,,,,,,,,,,,,,,,,,,,,,,,,,,,,,,,,,,,,,,,,,,,,,,,,,,,,,,,,,,,,,,,,,,,,,,,,,,,,,,,,,,,,,,,1610612764,2021,2020-21,False
1629060-1629655-1629726-201566-203078,1610612764,"Rui Hachimura, Daniel Gafford, Garrison Mathews, Russell Westbrook, Bradley Beal","Hachimura, Gafford, Mathews, Westbrook, Beal",1629060-1629655-1629726-201566-203078,WAS,80.0,1,1.0,-2.0,3.0,4.0,1.0,7.0,1.0,2.0,7.0,,,1.0,,1.0,1.0,2.0,,,,,3.0,,,,,1.0,,1.0,,,126.0,15.0,8.75,14.333333333333334,8.75,0.5,0.48285,,7.2,4.0,,,,,,,,,1.0,,,,1.0,,3.0,5.0,,,2.0,,,,,,,,,1.0,,,2.0,4.0,1.0,4.0,,,0.5,0.5,0.625,,,,1.0,,,,,0.5,,,,,,,,0.5,0.3333333333333333,0.3333333333333333,,3.0,,,3.0,,0.48285,1.0,,,,,1.0,1.0,1.0,1.0,1.0,2.0,3.0,5.0,1.0,1.0,5.0,1.0,1.0,0.5,0.5,0.5,0.625,1.0,1.0,1.0,1.0,0.5,0.2,1.0,,,,,,,,,,,,,,,,,,,,,,,,,,,,,,,,,,,,,,,,,,,,,,,,,,,,,,,,,,,,,,,,,,,,,,,,,,,,,,,,1610612764,2021,2020-21,False
1629060-1629655-1630264-201566-203078,1610612764,"Rui Hachimura, Daniel Gafford, Anthony Gill, Russell Westbrook, Bradley Beal","Hachimura, Gafford, Gill, Westbrook, Beal",1629060-1629655-1630264-201566-203078,WAS,38.0,1,1.0,,1.0,,,1.0,,1.0,2.0,,,,,,,,,,,1.0,1.0,,,,,,,,,,37.89473684210527,16.0,,16.0,,,0.4307,,16.8,,1.0,,,,,,1.0,,,1.0,,,1.0,,,2.0,,2.0,,,,1.0,1.0,,2.0,,,,,,,,,2.0,1.0,1.0,1.0,1.0,1.0,,,,,,,,,,,,,1.0,1.0,,,,,,,1.0,,,1.0,,0.4307,1.0,,,,,,,,,1.0,1.0,,2.0,,,2.0,,,1.0,1.0,,1.0,,,,,,,1.0,1.0,1.0,,,,,,,,,,,,,,,,,,,,,,,,,,,,,,,,,,,,,,,,,,,,,,,,,,,,,,,,,,,,,,,,,,,,,,,,,,,,,,1610612764,2021,2020-21,False
1629060-1629655-201566-202397-203078,1610612764,"Rui Hachimura, Daniel Gafford, Russell Westbrook, Ish Smith, Bradley Beal","Hachimura, Gafford, Westbrook, Smith, Beal",1629060-1629655-201566-202397-203078,WAS,671.0,3,11.0,-1.0,20.0,23.0,2.0,43.0,4.0,16.0,24.0,3.0,2.0,3.0,4.0,6.0,4.0,10.0,2.0,2.0,3.0,2.0,3.0,0.125,0.5,0.6666666666666666,0.6666666666666666,0.42857142857142855,0.5,0.4444444444444444,0.5,0.5,92.28017883755588,13.2,17.695652173913043,11.85,17.304347826086957,0.2222222222222222,0.5239083333333334,0.5169333333333334,10.01875,,7.0,,,,0.5,1.0,0.3888888888888889,4.0,5.0,3.0,1.0,1.0,9.0,2.0,5.0,23.0,1.0,10.0,8.0,1.0,,5.0,5.0,2.0,10.0,1.0,2.0,,3.0,1.0,10.0,9.0,6.0,20.0,0.5555555555555556,0.625,0.5625,0.5,0.5476190476190477,0.1111111111111111,,,,0.3333333333333333,0.5,1.0,0.4,0.2777777777777778,0.8,0.8,0.5,0.42857142857142855,0.42857142857142855,0.05555555555555555,0.25,0.3888888888888889,0.2857142857142857,0.3157894736842105,25.4,3.0,,1.0,3.0,,0.51855,0.15,1.0,1.0,0.05555555555555555,1.0,,2.0,1.0,3.0,,,,,,,,,,,,0.375,,,,0.5,1.0,,0.13043478260869565,,1.0,0.3333333333333333,1.0,2.0,1.0,2.0,2.0,2.0,1.0,2.0,1.0,1.0,1.0,3.0,1.0,1.0,1.0,1.0,0.3333333333333333,0.25,1.0,1.0,0.5,0.5,,,,,,,,,,,,,,,,,,,,,,,,,,,,,,,,,,,,,,,,,,,,,,,,,,,,,,,,1610612764,2021,2020-21,False
1629060-1629655-201566-202397-203526,1610612764,"Rui Hachimura, Daniel Gafford, Russell Westbrook, Ish Smith, Raul Neto","Hachimura, Gafford, Westbrook, Smith, Neto",1629060-1629655-201566-202397-203526,WAS,22.0,1,,,,,,,,,,,,,,,,,,,,,1.0,,,,,,,,,,,,,,,,,,,,,,,,,,,,,,,,,,,,,,,,,,,,,,,,,,,,,,,,,,,,,,,,,,,,,,,,,,,,,,,,,,,,,,,,,,,,,,,,,,,,,,,,,,,,,,,,,,,,,,,,,,,,,,,,,,,,,,,,,,1.0,,,,,,,,,,,,,,,,,,,,,,,,,,,,,,,,,,,,,,,,,,,,,,,,,,,,,,,1610612764,2021,2020-21,False
1629060-1629655-201566-202722-203078,1610612764,"Rui Hachimura, Daniel Gafford, Russell Westbrook, Davis Bertans, Bradley Beal","Hachimura, Gafford, Westbrook, Bertans, Beal",1629060-1629655-201566-202722-203078,WAS,1316.0,4,22.0,-6.0,43.0,47.0,4.0,90.0,7.0,24.0,53.0,4.0,3.0,4.0,6.0,18.0,6.0,24.0,7.0,3.0,10.0,5.0,15.0,0.125,0.2857142857142857,0.7,0.46153846153846156,0.3333333333333333,0.5769230769230769,0.3333333333333333,0.5,0.2857142857142857,98.48024316109422,12.883720930232558,16.21276595744681,12.651162790697674,14.808510638297872,0.19444444444444445,0.5159944444444444,0.59565,9.225,20.0,9.0,4.0,1.0,,,0.6,0.25,6.0,8.0,5.0,7.0,,12.0,12.0,5.0,47.0,,12.0,12.0,7.0,,6.0,12.0,4.0,30.0,2.0,9.0,3.0,4.0,2.0,10.0,8.0,3.0,44.0,0.5,0.5454545454545454,0.5,0.5833333333333334,0.5875,0.3333333333333333,,,1.0,0.6923076923076923,0.3333333333333333,0.6666666666666666,0.6666666666666666,0.2222222222222222,0.75,0.8571428571428571,0.6666666666666666,0.5555555555555556,0.5555555555555556,0.19444444444444445,,0.5555555555555556,0.07692307692307693,0.1111111111111111,25.308333333333334,17.0,4.0,6.0,17.0,0.26666666666666666,0.5172966666666666,0.3953488372093023,5.0,2.0,0.1388888888888889,0.13333333333333333,4.0,1.0,1.0,3.0,6.0,9.0,2.0,20.0,1.0,1.0,20.0,1.0,1.0,0.6666666666666666,0.6,0.3,0.5882352941176471,0.5,0.06666666666666667,0.14285714285714285,0.2,0.26666666666666666,0.06382978723404255,0.425531914893617,1.0,0.2,1.0,3.0,1.0,2.0,1.0,2.0,3.0,2.0,,1.0,1.0,,6.0,1.0,6.0,2.0,0.25,0.25,0.3333333333333333,1.0,0.75,0.3333333333333333,,3.0,2.0,4.0,2.0,6.0,2.0,18.0,4.0,6.0,4.0,2.0,1.0,1.0,1.0,5.0,1.0,0.5,0.3333333333333333,0.5,0.125,1.0,1.0,0.4,0.4,1.0,0.5714285714285714,0.5714285714285714,1.0,0.75,0.5,0.5714285714285714,,,,,,,,,,,,,,,,,,,,,,,,1610612764,2021,2020-21,False
1629060-1629655-201566-203078-203526,1610612764,"Rui Hachimura, Daniel Gafford, Russell Westbrook, Bradley Beal, Raul Neto","Hachimura, Gafford, Westbrook, Beal, Neto",1629060-1629655-201566-203078-203526,WAS,1829.0,5,30.0,12.0,69.0,66.0,6.0,135.0,14.0,45.0,80.0,3.0,4.0,4.0,10.0,24.0,6.0,30.0,5.0,3.0,6.0,5.0,11.0,0.08888888888888889,0.21428571428571427,0.8333333333333334,0.5882352941176471,0.21052631578947367,0.71875,0.24,0.3333333333333333,0.2,106.28758884636413,13.492753623188406,13.606060606060606,13.405797101449275,13.030303030303031,0.23333333333333334,0.5236541666666666,0.6094,7.92,19.0,11.0,2.0,1.0,,0.125,0.8571428571428571,0.18333333333333332,15.0,20.0,3.0,13.0,,26.0,15.0,13.0,92.0,,24.0,28.0,13.0,,12.0,20.0,7.0,48.0,2.0,13.0,1.0,4.0,2.0,11.0,14.0,4.0,83.0,0.46153846153846156,0.5,0.5777777777777777,0.6583333333333333,0.6865671641791045,0.25,,,1.0,0.8666666666666667,0.3333333333333333,0.4,0.9,0.3333333333333333,0.75,0.7894736842105263,0.4666666666666667,0.2727272727272727,0.2727272727272727,0.21666666666666667,,0.5833333333333334,0.0625,0.08163265306122448,25.759999999999998,32.0,6.0,8.0,32.0,0.21428571428571427,0.5103660714285715,0.463768115942029,2.0,2.0,0.03333333333333333,0.07142857142857142,8.0,8.0,3.0,9.0,11.0,20.0,5.0,42.0,1.0,3.0,42.0,1.0,3.0,0.55,0.6607142857142857,0.9,0.6774193548387096,0.2,0.047619047619047616,0.5714285714285714,0.7272727272727273,0.2857142857142857,0.09782608695652174,0.45652173913043476,1.0,0.3333333333333333,2.0,2.0,3.0,4.0,4.0,2.0,1.0,2.0,,2.0,1.0,,3.0,1.0,3.0,1.0,1.0,1.0,0.3333333333333333,0.5,0.6666666666666666,1.0,,7.0,1.0,8.0,4.0,9.0,5.0,24.0,8.0,8.0,7.0,1.0,,,,2.0,0.8888888888888888,0.6,0.625,0.6,0.05,0.6,0.8,0.5,0.5,1.0,0.6153846153846154,0.6153846153846154,0.875,0.875,0.6666666666666666,0.6153846153846154,1.0,3.0,0.5,,,,,,,,,,,,,,,,,,,,,1610612764,2021,2020-21,False
1629060-1629655-202397-202722-203078,1610612764,"Rui Hachimura, Daniel Gafford, Ish Smith, Davis Bertans, Bradley Beal","Hachimura, Gafford, Smith, Bertans, Beal",1629060-1629655-202397-202722-203078,WAS,419.0,3,7.0,-1.0,15.0,15.0,2.0,30.0,4.0,11.0,20.0,2.0,2.0,3.0,3.0,6.0,4.0,10.0,1.0,,1.0,2.0,3.0,0.18181818181818182,0.25,1.0,0.75,0.6,0.7142857142857143,0.375,0.6666666666666666,0.5,103.10262529832936,13.933333333333334,14.0,12.8,13.066666666666666,0.26666666666666666,0.5079766666666666,0.36475,6.0636363636363635,,1.0,1.0,,,1.0,1.0,0.06666666666666667,5.0,6.0,,3.0,,6.0,4.0,4.0,19.0,,2.0,10.0,3.0,,1.0,2.0,1.0,5.0,,2.0,1.0,,,3.0,4.0,1.0,15.0,0.16666666666666666,0.16666666666666666,0.5454545454545454,0.5,0.5588235294117647,0.26666666666666666,,,0.5,0.6666666666666666,,,0.5,0.4,0.8333333333333334,1.0,0.2,,,0.2,,0.6666666666666666,0.0625,0.08333333333333333,25.425,8.0,1.0,2.0,8.0,0.125,0.5059,0.5333333333333333,1.0,1.0,0.06666666666666667,0.125,3.0,1.0,2.0,4.0,4.0,6.0,2.0,13.0,1.0,1.0,13.0,,1.0,0.6666666666666666,0.6875,0.6666666666666666,0.7222222222222222,,0.16666666666666666,0.25,0.3333333333333333,0.375,0.21052631578947367,0.6842105263157895,,,,,1.0,,,,,,,,,,,,,,0.5,0.5,,,,,,3.0,1.0,,,1.0,1.0,3.0,,1.0,,1.0,,,,,1.0,0.25,0.5,0.25,0.16666666666666666,1.0,1.0,1.0,1.0,1.0,,,,1.0,,,1.0,,1.0,1.0,1.0,,,,,,,,,,,,,,,,,,,1610612764,2021,2020-21,False
1629060-1629655-202397-203078-203526,1610612764,"Rui Hachimura, Daniel Gafford, Ish Smith, Bradley Beal, Raul Neto","Hachimura, Gafford, Smith, Beal, Neto",1629060-1629655-202397-203078-203526,WAS,347.0,3,6.0,6.0,14.0,13.0,1.0,27.0,3.0,11.0,10.0,1.0,,1.0,4.0,8.0,1.0,9.0,1.0,1.0,2.0,2.0,4.0,,,0.5,0.6666666666666666,0.2,0.7777777777777778,0.2,0.3333333333333333,0.75,112.04610951008645,9.5,16.46153846153846,9.5,16.46153846153846,0.25,0.45758750000000004,0.5011,6.763636363636365,3.0,2.0,,,,,0.5,0.16666666666666666,5.0,6.0,1.0,1.0,,6.0,1.0,1.0,16.0,,8.0,4.0,1.0,,4.0,5.0,3.0,11.0,,3.0,1.0,2.0,1.0,2.0,2.0,1.0,14.0,0.6666666666666666,0.8,0.5454545454545454,0.625,0.6153846153846154,0.08333333333333333,,,1.0,1.0,,,1.0,0.5,0.8333333333333334,0.8333333333333334,0.6,0.5,0.5,0.08333333333333333,,0.5833333333333334,0.07692307692307693,0.08333333333333333,26.7,6.0,1.0,1.0,6.0,0.16666666666666666,0.46375833333333333,0.42857142857142855,,,,,2.0,,,2.0,2.0,5.0,,7.0,,,7.0,,,0.4,0.5833333333333334,1.0,0.5833333333333334,,,,,0.3333333333333333,0.125,0.4375,1.0,1.0,1.0,1.0,1.0,2.0,,1.0,1.0,1.0,,,,,1.0,,1.0,1.0,1.0,1.0,1.0,,1.0,1.0,,1.0,,1.0,1.0,1.0,1.0,3.0,1.0,1.0,1.0,,,,,1.0,1.0,1.0,1.0,1.0,,,,,,,1.0,1.0,1.0,0.5,1.0,1.0,,,,,,1.0,,,,,,,,,,,,,,,,,,1610612764,2021,2020-21,False
1629060-1630264-201566-201577-202397,1610612764,"Rui Hachimura, Anthony Gill, Russell Westbrook, Robin Lopez, Ish Smith","Hachimura, Gill, Westbrook, Lopez, Smith",1629060-1630264-201566-201577-202397,WAS,83.0,1,1.0,,3.0,3.0,,6.0,,2.0,2.0,,,,2.0,2.0,,2.0,,,1.0,1.0,1.0,,,,1.0,,1.0,,,1.0,104.09638554216868,14.666666666666666,13.0,14.666666666666666,13.0,,0.58725,,8.95,,1.0,,,,,,0.5,1.0,1.0,,,,1.0,,,2.0,,2.0,,,,1.0,1.0,1.0,2.0,,,,,,,,,2.0,1.0,1.0,0.5,0.5,0.5,,,,,,,,,0.5,1.0,1.0,1.0,,,,,0.5,,,,,,,,,,,,,,,,,,,,,,,,,,,,,,,,,,,,,,,,,,,,,,,1.0,,,,,,,,,,,,,,,,,,,,,,,,,,,,,,,,,,,,,1.0,,,,,,,,,,,,,,,,,1.0,,,,,,,,,,,,,,,,,1610612764,2021,2020-21,False
1629060-1630264-201566-201577-203078,1610612764,"Rui Hachimura, Anthony Gill, Russell Westbrook, Robin Lopez, Bradley Beal","Hachimura, Gill, Westbrook, Lopez, Beal",1629060-1630264-201566-201577-203078,WAS,42.0,1,1.0,-3.0,2.0,3.0,,5.0,,1.0,5.0,,,,,1.0,,1.0,,,,1.0,1.0,,,,,,,,,,171.42857142857144,13.0,5.333333333333333,13.0,5.333333333333333,,0.4551,,2.8,3.0,,,,,,,,,1.0,,,,,,2.0,2.0,,,,,,,,,,,,1.0,,,1.0,2.0,1.0,2.0,,,,,0.5,,,,1.0,,,,,1.0,,,,,,,,1.0,0.5,0.5,,2.0,,,2.0,,0.4551,1.0,,,,,1.0,,,,,1.0,2.0,2.0,,,2.0,,,,,,0.5,,,,,1.0,,1.0,,,,,,,,,,,,,,,,,,,,,,,,,,,,,,,,,,,,,,,,,,,,,,,,,,,,,,,,,,,,,,,,,,,,,,,,,,,,,,,,1610612764,2021,2020-21,False
1629060-1630264-201566-203078-203526,1610612764,"Rui Hachimura, Anthony Gill, Russell Westbrook, Bradley Beal, Raul Neto","Hachimura, Gill, Westbrook, Beal, Neto",1629060-1630264-201566-203078-203526,WAS,,1,,1.0,,,,,,,,,,,,,,,,,,,,,,,,,,,,,,,,,,,,,,,,,,,,,,,,,,,,,1.0,1.0,,,,,,,,,,,,,,,1.0,2.0,,1.0,,,,,0.5,,,,,,,,,,,,,,,,,,,,,,,,,,,,,,,,,,,,,,1.0,1.0,,1.0,1.0,,1.0,,,,0.5,,,,,,,1.0,,,,,,,,,,,,,,,,,,,,,,,,,,,,,,,,,,,,,,,,,,,,,,,,,,,,,,,,,,,,,,,,,,,,,,,,,,,,,,,,1610612764,2021,2020-21,False
1629060-201566-201577-202397-202722,1610612764,"Rui Hachimura, Russell Westbrook, Robin Lopez, Ish Smith, Davis Bertans","Hachimura, Westbrook, Lopez, Smith, Bertans",1629060-201566-201577-202397-202722,WAS,303.0,2,5.0,1.0,11.0,12.0,,23.0,3.0,6.0,9.0,,,,5.0,6.0,,6.0,,,,2.0,4.0,,,,1.0,,1.0,,,1.0,109.3069306930693,11.636363636363637,14.583333333333334,11.636363636363637,13.75,0.3,0.495995,,8.033333333333333,1.0,1.0,,,,,1.0,0.1,1.0,2.0,,4.0,,3.0,4.0,1.0,10.0,,2.0,4.0,4.0,,1.0,2.0,1.0,5.0,,1.0,,1.0,,1.0,2.0,,10.0,0.3333333333333333,0.3333333333333333,0.5,0.45,0.45454545454545453,0.4,,,,1.0,,,1.0,0.2,0.5,0.5,1.0,,,0.4,,0.6,,,26.625,1.0,,,1.0,,,0.09090909090909091,,,,,,2.0,,,,,1.0,1.0,,1.0,1.0,,1.0,,,,0.5,,,0.6666666666666666,0.6666666666666666,,,0.1,,,,,,,,1.0,,,,,,,1.0,1.0,1.0,1.0,,,1.0,,,,,,,1.0,,1.0,,3.0,1.0,1.0,1.0,,,,,,1.0,0.25,,0.25,,1.0,,,,,0.25,0.25,1.0,,,0.25,,,,,,,,,,,,,,,,,,,,,,,,1610612764,2021,2020-21,False
1629060-201566-201577-202397-203078,1610612764,"Rui Hachimura, Russell Westbrook, Robin Lopez, Ish Smith, Bradley Beal","Hachimura, Westbrook, Lopez, Smith, Beal",1629060-201566-201577-202397-203078,WAS,707.0,2,12.0,-2.0,27.0,25.0,1.0,52.0,8.0,15.0,36.0,1.0,3.0,1.0,3.0,9.0,1.0,10.0,1.0,1.0,3.0,3.0,6.0,0.2,0.125,0.3333333333333333,0.75,0.16666666666666666,0.8888888888888888,0.125,0.25,1.0,105.91230551626592,12.11111111111111,15.2,12.11111111111111,15.2,0.42105263157894735,0.5016526315789474,0.7711,6.88,8.0,2.0,,,,,,0.10526315789473684,3.0,5.0,2.0,3.0,,9.0,4.0,10.0,34.0,,12.0,6.0,3.0,,6.0,8.0,2.0,18.0,,5.0,1.0,,,11.0,13.0,5.0,32.0,0.6666666666666666,0.75,0.6,0.631578947368421,0.68,0.21052631578947367,,,1.0,1.0,,,1.0,0.2631578947368421,0.6,1.0,0.6666666666666666,1.0,1.0,0.15789473684210525,,0.47368421052631576,0.21739130434782608,0.2631578947368421,25.175,5.0,,,5.0,,0.7198,0.18518518518518517,1.0,,0.05263157894736842,,1.0,4.0,,2.0,1.0,1.0,4.0,6.0,,2.0,6.0,2.0,2.0,1.0,1.0,1.0,1.0,,,0.5,0.5714285714285714,1.0,0.058823529411764705,0.17647058823529413,1.0,0.5,1.0,1.0,1.0,2.0,3.0,,2.0,2.0,1.0,,2.0,1.0,,,,,1.0,1.0,,0.75,1.0,1.0,,1.0,1.0,1.0,,2.0,,6.0,1.0,2.0,1.0,1.0,,,,,1.0,0.5,,0.5,0.4,0.5,,1.0,1.0,1.0,0.3333333333333333,0.3333333333333333,1.0,1.0,,0.3333333333333333,,,,,,,,1.0,,,,,,,,,,,,,,,,1610612764,2021,2020-21,False
1629060-201566-201577-202397-203526,1610612764,"Rui Hachimura, Russell Westbrook, Robin Lopez, Ish Smith, Raul Neto","Hachimura, Westbrook, Lopez, Smith, Neto",1629060-201566-201577-202397-203526,WAS,40.0,1,1.0,1.0,1.0,1.0,,2.0,,,,,,,1.0,1.0,1.0,2.0,,,,,,,,,1.0,,1.0,0.5,,1.0,72.0,31.0,9.0,21.0,9.0,,0.5757,,,,,,,,,,,,,,1.0,,,2.0,1.0,1.0,,,,1.0,,,,,,1.0,,,,,1.0,2.0,1.0,,,,,,0.16666666666666666,1.0,,,,,0.5,,,,,,,,,0.5,,1.0,0.3333333333333333,1.0,24.65,,,,,,,,1.0,,0.5,,,,1.0,1.0,,,,,,,,,,,,0.5,,,,,,,1.0,,,,,,,,,,,,,,,,,,,,,,,,,,,,,,,,,,,,,,,,,,,,,,,,,,,,,,,,,,,,,,,,,,1.0,,,,,,,,,,,,,,,1610612764,2021,2020-21,False
1629060-201566-201577-202722-203078,1610612764,"Rui Hachimura, Russell Westbrook, Robin Lopez, Davis Bertans, Bradley Beal","Hachimura, Westbrook, Lopez, Bertans, Beal",1629060-201566-201577-202722-203078,WAS,821.0,4,14.0,-1.0,29.0,26.0,3.0,55.0,12.0,19.0,36.0,3.0,,3.0,5.0,8.0,4.0,12.0,3.0,,4.0,1.0,2.0,,,0.75,0.7142857142857143,0.375,0.7,0.3333333333333333,0.5,0.6,96.46772228989038,15.241379310344827,14.576923076923077,14.89655172413793,14.23076923076923,0.48,0.47830399999999995,0.61025,6.794736842105263,1.0,1.0,3.0,,,,1.0,0.04,4.0,6.0,1.0,4.0,,11.0,6.0,7.0,35.0,,10.0,12.0,4.0,,5.0,7.0,2.0,16.0,1.0,2.0,1.0,,,7.0,9.0,3.0,33.0,0.45454545454545453,0.5,0.5789473684210527,0.56,0.603448275862069,0.24,,,1.0,0.6666666666666666,0.25,,0.6666666666666666,0.24,0.6666666666666666,0.6666666666666666,0.5,1.0,1.0,0.16,,0.48,0.13793103448275862,0.13636363636363635,25.266666666666666,11.0,2.0,3.0,11.0,0.18181818181818182,0.4948863636363636,0.3793103448275862,2.0,1.0,0.08,0.09090909090909091,4.0,6.0,,2.0,6.0,8.0,1.0,13.0,1.0,,13.0,,,0.75,0.5454545454545454,0.3333333333333333,0.5416666666666666,,0.08333333333333333,0.5,0.5,0.36363636363636365,0.05714285714285714,0.37142857142857144,1.0,1.0,1.0,2.0,1.0,2.0,2.0,,1.0,,,1.0,,,2.0,,2.0,1.0,0.3333333333333333,0.3333333333333333,0.5,0.3333333333333333,0.6666666666666666,0.5,,3.0,1.0,1.0,,2.0,,6.0,1.0,2.0,1.0,1.0,,,,2.0,1.0,0.3333333333333333,,0.3333333333333333,,1.0,,0.5,0.5,1.0,0.25,0.25,1.0,0.75,,0.25,,,,,,,,,1.0,1.0,0.14285714285714285,,,,,,,,,,,,,1610612764,2021,2020-21,False
1629060-201566-201577-203078-203526,1610612764,"Rui Hachimura, Russell Westbrook, Robin Lopez, Bradley Beal, Raul Neto","Hachimura, Westbrook, Lopez, Beal, Neto",1629060-201566-201577-203078-203526,WAS,190.0,2,3.0,-7.0,9.0,8.0,1.0,17.0,3.0,3.0,13.0,,,,2.0,3.0,,3.0,2.0,1.0,3.0,2.0,3.0,,,0.6666666666666666,1.0,,0.6666666666666666,,,1.0,128.8421052631579,9.222222222222221,13.375,9.0,12.75,1.0,0.42923333333333336,,8.166666666666666,3.0,,1.0,,,,,,,,,,,1.0,,4.0,6.0,,,2.0,,,,,,,,,1.0,,,2.0,4.0,2.0,6.0,,,0.3333333333333333,0.3333333333333333,0.6,,,,1.0,,,,,,,,,,,,,,0.4,0.4,,,,,,,,,,,,,,1.0,,,,,,,,,,,,,,,,,,0.3333333333333333,0.3333333333333333,,,,,,,,,,,,1.0,,,,,,1.0,,1.0,1.0,,,1.0,,,,,,,,,,,,,,,,,,1.0,1.0,,,,,,,,,,,,,,,,,,,,,,,,,,,,,,,,,,,,,,,,1610612764,2021,2020-21,False
1629060-201566-202397-202722-203078,1610612764,"Rui Hachimura, Russell Westbrook, Ish Smith, Davis Bertans, Bradley Beal","Hachimura, Westbrook, Smith, Bertans, Beal",1629060-201566-202397-202722-203078,WAS,115.0,2,2.0,1.0,4.0,4.0,,8.0,,2.0,4.0,,,,2.0,3.0,,3.0,,,1.0,1.0,3.0,,,,0.6666666666666666,,0.6666666666666666,,,1.0,100.17391304347825,9.5,19.25,9.5,18.5,,0.5722833333333334,,8.15,3.0,1.0,,,,,0.5,0.25,1.0,1.0,1.0,2.0,,2.0,2.0,1.0,5.0,,4.0,,1.0,,2.0,2.0,1.0,4.0,,,1.0,,,,1.0,,4.0,1.0,1.0,1.0,0.5,0.5,0.5,,,1.0,,,,,0.25,1.0,1.0,1.0,1.0,1.0,0.5,,0.75,,,48.35,3.0,2.0,2.0,3.0,0.5,0.5722833333333334,0.75,,,,,1.0,,1.0,1.0,2.0,2.0,,4.0,,,4.0,,,1.0,0.5,,0.5,,,,,0.25,0.2,0.8,1.0,1.0,,,,,,,1.0,,,,,,2.0,1.0,2.0,2.0,,,1.0,,,,,1.0,,,,,,,,,,,,,1.0,1.0,,,,,,,,,,,,,,1.0,,,,,,,,,,,,,,1.0,1.0,,,,,,,,,,,1610612764,2021,2020-21,False
1629060-201566-202397-202722-203458,1610612764,"Rui Hachimura, Russell Westbrook, Ish Smith, Davis Bertans, Alex Len","Hachimura, Westbrook, Smith, Bertans, Len",1629060-201566-202397-202722-203458,WAS,133.0,1,2.0,-3.0,4.0,4.0,1.0,8.0,5.0,5.0,7.0,1.0,1.0,1.0,,,1.0,1.0,,,,,,0.2,0.2,,,0.3333333333333333,,0.3333333333333333,0.3333333333333333,,86.61654135338345,20.25,13.0,19.25,13.0,1.0,0.43326000000000003,0.3948,9.5,,,,,,,,,,,,,,2.0,,,4.0,,4.0,,,,2.0,2.0,,4.0,,,,1.0,,1.0,2.0,1.0,2.0,1.0,1.0,0.4,0.4,0.3333333333333333,,,,,,,,,,,,,,,,,,0.16666666666666666,0.16666666666666666,,,,,,,,,,,,,,2.0,,2.0,,,,,,,,,,,,1.0,,,,0.4,0.5,,0.5,,,,,,1.0,,2.0,1.0,,,,,,,,,,,1.0,1.0,,1.0,,,,,,,,,,,,,,,,,,,,,,,,,,,,,,,,,,,,,,,,,,,,,,,,,,,,,,,,,,1610612764,2021,2020-21,False
1629060-201566-202397-203078-203526,1610612764,"Rui Hachimura, Russell Westbrook, Ish Smith, Bradley Beal, Raul Neto","Hachimura, Westbrook, Smith, Beal, Neto",1629060-201566-202397-203078-203526,WAS,26.0,1,,-3.0,1.0,2.0,,3.0,,,3.0,,,,,,,,,,1.0,,1.0,,,,,,,,,,166.15384615384616,,13.0,,13.0,,,,,2.0,,,,,,,,,,,,,,,,,,,,,,,,,,,,,,,,,,,,,,,,,,,,,,,,,,,,,,,,,,,,1.0,,,1.0,,,1.0,,,,,,,,,,,,,,,,,,,,,,,,,,,,,,,,,,,,,1.0,1.0,,,,,,,,,,,,,,,,,,,,,,,,,,,,,1.0,,,,,,,,,,,,,,,,,,,,,,,,,,,,,,,,,,,,,,,,,1610612764,2021,2020-21,False
1629060-201566-202722-203078-203458,1610612764,"Rui Hachimura, Russell Westbrook, Davis Bertans, Bradley Beal, Alex Len","Hachimura, Westbrook, Bertans, Beal, Len",1629060-201566-202722-203078-203458,WAS,728.0,2,12.0,-16.0,27.0,28.0,2.0,55.0,4.0,14.0,43.0,1.0,1.0,2.0,1.0,5.0,2.0,7.0,1.0,,1.0,2.0,6.0,0.07142857142857142,,1.0,0.3333333333333333,0.2222222222222222,0.6666666666666666,0.125,0.5,,108.79120879120879,14.407407407407407,12.107142857142858,13.88888888888889,12.035714285714286,0.15384615384615385,0.49866538461538457,0.580675,9.65,6.0,6.0,1.0,,,,,0.23076923076923078,2.0,4.0,3.0,8.0,1.0,5.0,12.0,2.0,27.0,1.0,6.0,4.0,8.0,,3.0,7.0,2.0,18.0,,3.0,1.0,2.0,,3.0,4.0,2.0,24.0,0.6,0.6,0.35714285714285715,0.4807692307692308,0.48214285714285715,0.46153846153846156,,,1.0,1.0,,,1.0,0.15384615384615385,0.5,0.6666666666666666,1.0,0.5,0.5,0.3076923076923077,0.5,0.6153846153846154,0.07142857142857142,0.125,25.349999999999998,3.0,,,3.0,,0.3466,0.1111111111111111,4.0,,0.15384615384615385,,1.0,,,3.0,,2.0,1.0,1.0,,,1.0,2.0,,,,0.75,0.16666666666666666,,,,,0.5,0.1111111111111111,0.037037037037037035,1.0,0.3333333333333333,,1.0,,,,2.0,,,,,,,,,,,,0.75,,,0.5,,1.0,,2.0,3.0,,5.0,,12.0,3.0,4.0,3.0,1.0,,,,,0.8,0.4166666666666667,,0.4166666666666667,0.25,0.5,,0.5,0.5,0.5,0.375,0.375,1.0,,,0.375,,3.0,,,,,,,,,,,,1.0,1.0,1.0,1.0,1.0,,,,,,1610612764,2021,2020-21,False
1629060-201566-203078-203458-203526,1610612764,"Rui Hachimura, Russell Westbrook, Bradley Beal, Alex Len, Raul Neto","Hachimura, Westbrook, Beal, Len, Neto",1629060-201566-203078-203458-203526,WAS,1321.0,2,22.0,-15.0,43.0,44.0,5.0,87.0,8.0,29.0,57.0,3.0,1.0,4.0,4.0,14.0,5.0,19.0,3.0,1.0,6.0,3.0,9.0,0.034482758620689655,0.125,0.5,0.4444444444444444,0.3076923076923077,0.6363636363636364,0.25,0.2,0.6,94.83724451173354,15.162790697674419,15.204545454545455,14.534883720930232,14.363636363636363,0.2222222222222222,0.5397708333333333,0.6314666666666667,6.662068965517241,,6.0,2.0,1.0,,,,0.16666666666666666,10.0,15.0,3.0,5.0,1.0,16.0,7.0,10.0,42.0,1.0,24.0,8.0,5.0,,12.0,12.0,10.0,24.0,1.0,10.0,,1.0,,12.0,11.0,6.0,37.0,0.75,0.75,0.5517241379310345,0.4444444444444444,0.5121951219512195,0.19444444444444445,,,,0.7692307692307693,0.14285714285714285,0.2,0.8333333333333334,0.4166666666666667,0.6666666666666666,0.6666666666666666,1.0,0.5,0.5,0.1388888888888889,0.25,0.6111111111111112,0.14634146341463414,0.17647058823529413,25.485714285714288,,,,,,,,2.0,,0.05555555555555555,,,3.0,1.0,5.0,,,,,,,,,,,,0.625,,0.6,,0.375,0.42857142857142855,,0.11904761904761904,,1.0,0.3333333333333333,1.0,2.0,2.0,,1.0,1.0,3.0,,,,1.0,1.0,,,,,0.6666666666666666,0.5,,0.3333333333333333,0.5,0.5,2.0,,,,,,,,,,,,,,1.0,,,,,,,0.25,,,,,,,,,,,,,,,,2.0,,,,,,,,,,,,,1.0,1.0,,,,1610612764,2021,2020-21,False
1629060-201577-202397-202722-203078,1610612764,"Rui Hachimura, Robin Lopez, Ish Smith, Davis Bertans, Bradley Beal","Hachimura, Lopez, Smith, Bertans, Beal",1629060-201577-202397-202722-203078,WAS,98.0,1,2.0,5.0,5.0,4.0,1.0,9.0,1.0,2.0,2.0,,,,2.0,3.0,,3.0,,,1.0,,,,,,1.0,,1.0,,,1.0,132.24489795918367,9.8,12.25,8.0,12.25,0.3333333333333333,0.48561666666666664,,11.45,4.0,1.0,,,,,,0.3333333333333333,,,,1.0,,1.0,1.0,2.0,7.0,,,2.0,1.0,,,1.0,,3.0,,1.0,,,,1.0,2.0,,5.0,,,0.5,0.8333333333333334,0.875,0.3333333333333333,,,,1.0,,,1.0,,,,,,,0.3333333333333333,,0.3333333333333333,,,24.8,5.0,1.0,1.0,5.0,0.3333333333333333,0.48561666666666664,1.0,,,,,,1.0,2.0,2.0,1.0,2.0,2.0,7.0,,1.0,7.0,,1.0,0.5,0.8333333333333334,1.0,0.875,,,1.0,1.0,,0.2857142857142857,1.0,,,,,,,,,1.0,1.0,,,,,1.0,,1.0,1.0,,,1.0,,,,,,,1.0,1.0,1.0,1.0,3.0,1.0,1.0,1.0,,,,,1.0,1.0,1.0,1.0,1.0,,,,,,,1.0,1.0,1.0,,1.0,1.0,,,,,,,,1.0,,,,,,,,,,,,,,,,1610612764,2021,2020-21,False
1629060-201577-202397-203078-203526,1610612764,"Rui Hachimura, Robin Lopez, Ish Smith, Bradley Beal, Raul Neto","Hachimura, Lopez, Smith, Beal, Neto",1629060-201577-202397-203078-203526,WAS,218.0,1,4.0,-1.0,7.0,8.0,,15.0,1.0,3.0,8.0,,,,1.0,3.0,,3.0,1.0,,1.0,2.0,2.0,,,1.0,1.0,,1.0,,,1.0,99.08256880733946,18.571428571428573,11.0,18.571428571428573,10.125,0.16666666666666666,0.5844583333333333,,3.5,4.0,,1.0,,,,,,1.0,2.0,,2.0,,2.0,3.0,,7.0,,,4.0,2.0,,,1.0,,3.0,,1.0,1.0,,,2.0,,,7.0,,,0.6666666666666666,0.5833333333333334,0.5833333333333334,0.5,,,1.0,1.0,,,1.0,0.3333333333333333,0.5,0.5,,,,0.3333333333333333,,0.8333333333333334,,,24.7,1.0,,1.0,1.0,,0.6375,0.14285714285714285,1.0,1.0,0.16666666666666666,1.0,,1.0,,,,,,,,,,,,,,,,,,1.0,1.0,,,,,,,,,,,,,,,,,,,,,,,,,,,,,,,1.0,,1.0,,3.0,1.0,1.0,1.0,,,,,,1.0,0.3333333333333333,,0.3333333333333333,,,,,,,0.5,0.5,1.0,,,0.5,,,,,,,,,,,,,,,,,,,,,,,,1610612764,2021,2020-21,False
1629060-202397-203078-203458-203526,1610612764,"Rui Hachimura, Ish Smith, Bradley Beal, Alex Len, Raul Neto","Hachimura, Smith, Beal, Len, Neto",1629060-202397-203078-203458-203526,WAS,79.0,1,1.0,-3.0,3.0,2.0,,5.0,,1.0,5.0,,,,,,,,1.0,,1.0,1.0,1.0,,,1.0,,,,,,,91.13924050632912,13.0,20.0,13.0,20.0,,0.64485,,1.1,,,1.0,,,,,,1.0,1.0,,1.0,,1.0,1.0,,2.0,,,2.0,1.0,,,,,,,,,,,,,,2.0,,,1.0,0.5,0.5,0.5,,,,,,,,0.5,1.0,1.0,,,,0.5,,1.0,,,25.8,,,,,,,,,,,,,,,,,,,,,,,,,,,,,,,,,,,,,,,,,,,,,,,,,,,,,,,,,,,,,,,,,,,,,,,,,,,,,,,,,,,,,,,,,,,,,,,,,,,,,,,,,,,,,,,,,,,1610612764,2021,2020-21,False
1629655-1630264-202397-202722-203078,1610612764,"Daniel Gafford, Anthony Gill, Ish Smith, Davis Bertans, Bradley Beal","Gafford, Gill, Smith, Bertans, Beal",1629655-1630264-202397-202722-203078,WAS,155.0,1,3.0,-10.0,4.0,6.0,1.0,10.0,,1.0,14.0,1.0,,,,,1.0,1.0,1.0,1.0,1.0,,,,,1.0,,,,0.5,,,92.9032258064516,15.75,15.333333333333334,13.75,15.333333333333334,,0.5088666666666667,0.3794,17.8,,1.0,,,,,,0.3333333333333333,,,1.0,2.0,,1.0,2.0,2.0,4.0,,2.0,,2.0,,1.0,1.0,,2.0,1.0,,,,,2.0,2.0,1.0,2.0,1.0,1.0,1.0,0.3333333333333333,0.5,0.6666666666666666,,,,,0.5,0.5,,,,,,1.0,1.0,0.6666666666666666,,0.6666666666666666,0.25,0.5,26.3,2.0,1.0,1.0,2.0,0.5,0.465175,0.5,,,,,,,,2.0,1.0,1.0,,2.0,,,2.0,,,1.0,0.5,1.0,0.5,,,,,,0.5,0.5,1.0,1.0,,,1.0,,,,,,,,1.0,,,,,,1.0,1.0,,,,,,,,,,,,,,,,,,,,,,,,,,,,,,,,,,,,,,,,,,,,,,,,,,,,,,,,,,,,1610612764,2021,2020-21,False
1629655-201566-202397-202722-203078,1610612764,"Daniel Gafford, Russell Westbrook, Ish Smith, Davis Bertans, Bradley Beal","Gafford, Westbrook, Smith, Bertans, Beal",1629655-201566-202397-202722-203078,WAS,272.0,1,5.0,13.0,10.0,9.0,3.0,19.0,2.0,9.0,8.0,3.0,1.0,2.0,2.0,4.0,3.0,7.0,,,,3.0,5.0,0.1111111111111111,,,0.6666666666666666,0.6666666666666666,0.6,0.75,1.0,1.0,100.58823529411765,10.7,18.333333333333332,10.7,18.11111111111111,0.15384615384615385,0.6301,0.7772,3.5999999999999996,3.0,1.0,,,1.0,,,0.07692307692307693,6.0,6.0,,3.0,,6.0,4.0,,21.0,,6.0,6.0,3.0,,3.0,6.0,3.0,15.0,1.0,1.0,1.0,1.0,,,,,15.0,0.5,1.0,0.6666666666666666,0.8076923076923077,0.8076923076923077,0.3076923076923077,,,1.0,0.5,1.0,,0.5,0.46153846153846156,1.0,1.0,0.5,,,0.23076923076923078,,0.7692307692307693,,,24.675,8.0,3.0,3.0,8.0,0.3,0.630715,0.8,1.0,,0.07692307692307693,,5.0,,,6.0,5.0,7.0,,19.0,,,19.0,,,0.7142857142857143,0.95,1.0,0.95,,,,,0.5,0.2857142857142857,0.9047619047619048,,,3.0,3.0,3.0,6.0,,1.0,,,,,,,1.0,,1.0,1.0,1.0,1.0,1.0,,1.0,1.0,1.0,5.0,,3.0,3.0,3.0,3.0,9.0,3.0,3.0,3.0,,,,,,1.0,0.75,1.0,0.75,,1.0,,,,,1.0,1.0,1.0,1.0,1.0,1.0,,,,,,,,,1.0,,,,,,,,,,,,1.0,,,1610612764,2021,2020-21,False
1629655-201566-202397-202722-203526,1610612764,"Daniel Gafford, Russell Westbrook, Ish Smith, Davis Bertans, Raul Neto","Gafford, Westbrook, Smith, Bertans, Neto",1629655-201566-202397-202722-203526,WAS,345.0,2,6.0,5.0,13.0,13.0,2.0,26.0,3.0,8.0,12.0,1.0,1.0,2.0,4.0,6.0,2.0,8.0,,,,1.0,3.0,0.125,0.3333333333333333,,0.8,0.6666666666666666,0.8333333333333334,0.3333333333333333,0.5,1.0,108.52173913043478,12.538461538461538,14.0,12.538461538461538,12.923076923076923,0.23076923076923078,0.5043230769230769,0.775,5.6125,6.0,1.0,,,,,0.6666666666666666,0.07692307692307693,3.0,4.0,1.0,3.0,,5.0,5.0,4.0,17.0,,4.0,6.0,3.0,,2.0,3.0,1.0,7.0,,1.0,1.0,1.0,,3.0,5.0,3.0,13.0,0.4,0.5,0.625,0.5,0.5666666666666667,0.38461538461538464,,,0.5,1.0,,,1.0,0.3076923076923077,0.75,0.75,0.3333333333333333,1.0,1.0,0.23076923076923078,,0.6923076923076923,0.2,0.3,25.4,7.0,2.0,3.0,7.0,0.2857142857142857,0.5431785714285714,0.5384615384615384,2.0,1.0,0.15384615384615385,0.14285714285714285,2.0,1.0,2.0,4.0,3.0,4.0,1.0,7.0,,,7.0,2.0,,0.75,0.42857142857142855,1.0,0.4375,1.0,,0.3333333333333333,0.5,0.2857142857142857,0.23529411764705882,0.4117647058823529,1.0,1.0,1.0,1.0,1.0,2.0,,1.0,,,,,,1.0,1.0,,1.0,1.0,1.0,1.0,1.0,,1.0,1.0,,2.0,1.0,,,1.0,,3.0,,1.0,,1.0,,,,1.0,1.0,0.2,,0.2,,1.0,,0.5,0.5,1.0,,,,1.0,,,,,,,,,,,,,,,,,,,,,,,,,,1610612764,2021,2020-21,False
1629655-202397-202722-203078-203526,1610612764,"Daniel Gafford, Ish Smith, Davis Bertans, Bradley Beal, Raul Neto","Gafford, Smith, Bertans, Beal, Neto",1629655-202397-202722-203078-203526,WAS,285.0,2,5.0,4.0,10.0,8.0,2.0,18.0,4.0,9.0,8.0,2.0,2.0,1.0,1.0,3.0,1.0,4.0,1.0,,2.0,2.0,2.0,0.2222222222222222,0.25,0.5,0.5,0.3333333333333333,0.5,0.3333333333333333,0.5,1.0,90.94736842105263,13.4,18.875,12.5,17.75,0.4444444444444444,0.45943333333333336,0.35555,9.644444444444444,3.0,3.0,1.0,1.0,0.3333333333333333,,,0.3333333333333333,2.0,2.0,1.0,,,5.0,,2.0,12.0,,4.0,6.0,,,2.0,2.0,2.0,4.0,,1.0,1.0,,,1.0,2.0,1.0,12.0,0.4,0.4,0.5555555555555556,0.5555555555555556,0.6,,,,1.0,0.5,,,1.0,0.2222222222222222,1.0,1.0,1.0,0.3333333333333333,0.5,,,0.2222222222222222,0.1,0.1,,4.0,,,4.0,,0.3673666666666667,0.4,,,,,,2.0,,,,3.0,2.0,2.0,,,2.0,,,,,,0.25,,,0.5,0.6666666666666666,,,0.16666666666666666,,,,,,,,,1.0,2.0,,,,,,,,,,,,,,,,,,,,,,,,,,,,,,,,,,,,,,,,,,,,,,,,,,,,,,,,,,,,,,,,,,,,,,1610612764,2021,2020-21,False
1630264-201566-201577-202397-203526,1610612764,"Anthony Gill, Russell Westbrook, Robin Lopez, Ish Smith, Raul Neto","Gill, Westbrook, Lopez, Smith, Neto",1630264-201566-201577-202397-203526,WAS,253.0,2,4.0,-11.0,9.0,10.0,1.0,19.0,,7.0,15.0,1.0,,1.0,1.0,2.0,1.0,3.0,,,1.0,4.0,5.0,,,,0.3333333333333333,0.25,0.5,0.2,,0.5,108.14229249011858,13.333333333333334,13.3,13.333333333333334,13.3,,0.47079375,0.2946,8.485714285714286,6.0,3.0,,,,,,0.375,,4.0,1.0,1.0,,1.0,1.0,2.0,4.0,,,2.0,1.0,,,,,,,1.0,,,,1.0,2.0,,4.0,,,0.14285714285714285,0.125,0.2222222222222222,0.125,,,,1.0,,,1.0,0.5,,,,0.3333333333333333,0.3333333333333333,0.125,,0.625,,,25.1,8.0,1.0,1.0,8.0,0.14285714285714285,0.47960714285714284,0.8888888888888888,,,,,4.0,,,,1.0,6.0,2.0,4.0,,1.0,4.0,,1.0,0.16666666666666666,0.14285714285714285,,0.25,0.3333333333333333,,,,0.5714285714285714,,1.0,,,,1.0,,,,,1.0,1.0,,,1.0,,1.0,1.0,1.0,,,,,,1.0,,,,,,,,,,,,,,,,,,,,,,,,,,,,,,,,,,,,,,,1.0,,,,,,,,,,,,,,,,,,1610612764,2021,2020-21,False
1630264-201566-201577-203078-203526,1610612764,"Anthony Gill, Russell Westbrook, Robin Lopez, Bradley Beal, Raul Neto","Gill, Westbrook, Lopez, Beal, Neto",1630264-201566-201577-203078-203526,WAS,56.0,1,1.0,2.0,3.0,2.0,,5.0,,1.0,2.0,,,,,1.0,,1.0,1.0,1.0,1.0,,1.0,,,1.0,,,,,,,128.57142857142856,7.666666666666667,16.5,7.666666666666667,16.5,,0.4179,,17.3,2.0,1.0,,,,,,1.0,,,1.0,,,1.0,,2.0,4.0,,,2.0,,,,,,,,,1.0,,,1.0,2.0,,4.0,,,1.0,1.0,1.0,,,,1.0,,,,,,,,,1.0,1.0,,,,,,,3.0,,,3.0,,0.4179,1.0,,,,,,,,,1.0,1.0,2.0,4.0,,1.0,4.0,1.0,1.0,1.0,1.0,,1.0,,,,,,,1.0,,,,,,,,,,1.0,,,,,,,,,,,,,,,,,,,,,,,,,,,,,,,,,,,,,,,,,,,,,,,,,,,,,,,,,,,,,,,,,,,,,,1610612764,2021,2020-21,False
1630264-201577-202397-203078-203526,1610612764,"Anthony Gill, Robin Lopez, Ish Smith, Bradley Beal, Raul Neto","Gill, Lopez, Smith, Beal, Neto",1630264-201577-202397-203078-203526,WAS,58.0,1,1.0,3.0,3.0,2.0,1.0,5.0,1.0,1.0,,,1.0,1.0,1.0,1.0,1.0,2.0,1.0,,2.0,,,1.0,1.0,0.5,1.0,1.0,1.0,1.0,1.0,,124.13793103448276,10.0,14.0,10.0,14.0,0.5,0.505575,,7.9,,,1.0,1.0,,,1.0,,,,,1.0,,,1.0,,3.0,,,,1.0,,,,,,,,,,,,,,3.0,,,,0.75,0.75,0.5,,,,,,,,,,,,,,0.5,,0.5,,,24.9,3.0,1.0,1.0,3.0,0.5,0.505575,1.0,,,,,,,,,,1.0,,3.0,,,3.0,,,,0.75,,0.75,,,,,,,1.0,,,,,,,,,1.0,2.0,,,,,,,,,,,,,,,,,,1.0,1.0,1.0,1.0,,1.0,,,,,,,,,1.0,1.0,1.0,,,,,,,1.0,1.0,,,1.0,1.0,,3.0,,,,1.0,,,,,,,,,,,,,,,,,,1610612764,2021,2020-21,False
201566-201577-202397-202722-203078,1610612764,"Russell Westbrook, Robin Lopez, Ish Smith, Davis Bertans, Bradley Beal","Westbrook, Lopez, Smith, Bertans, Beal",201566-201577-202397-202722-203078,WAS,342.0,1,6.0,-3.0,11.0,13.0,3.0,24.0,3.0,8.0,17.0,1.0,1.0,3.0,,5.0,3.0,8.0,2.0,1.0,3.0,2.0,3.0,0.125,,0.6666666666666666,,1.0,0.8,0.75,,,101.05263157894737,16.818181818181817,12.076923076923077,15.636363636363637,11.461538461538462,0.3333333333333333,0.49398333333333333,0.499425,6.525,8.0,1.0,1.0,1.0,,1.0,,0.1111111111111111,2.0,4.0,,,,5.0,1.0,4.0,14.0,1.0,4.0,6.0,,,2.0,2.0,,4.0,,4.0,1.0,,,3.0,4.0,1.0,12.0,0.4,0.5,0.625,0.5555555555555556,0.6363636363636364,0.1111111111111111,,,1.0,0.8,,,1.0,0.4444444444444444,0.5,0.6666666666666666,,,,,,0.5555555555555556,0.1,0.1111111111111111,22.1,4.0,,1.0,4.0,,0.5365125,0.36363636363636365,1.0,1.0,0.1111111111111111,0.25,2.0,3.0,,2.0,1.0,3.0,2.0,4.0,1.0,1.0,4.0,1.0,1.0,0.3333333333333333,0.25,0.5,0.4,1.0,0.3333333333333333,1.0,1.0,0.5,0.14285714285714285,0.2857142857142857,,,1.0,1.0,1.0,2.0,2.0,,1.0,1.0,,,,,,,,,1.0,0.5,,0.6666666666666666,0.5,1.0,,1.0,,,,,,,,,,,,1.0,,,,,,,0.25,,0.5,,,,,,,0.5,,,,,,,,,,,,,,,,,,,,,,,,1.0,0.5,1610612764,2021,2020-21,False
201566-201577-202397-202722-203526,1610612764,"Russell Westbrook, Robin Lopez, Ish Smith, Davis Bertans, Raul Neto","Westbrook, Lopez, Smith, Bertans, Neto",201566-201577-202397-202722-203526,WAS,143.0,1,2.0,4.0,6.0,5.0,1.0,11.0,4.0,6.0,5.0,1.0,,1.0,,2.0,1.0,3.0,,,,,,,,,,0.5,0.6666666666666666,0.5,,,110.76923076923077,9.166666666666666,17.6,9.0,17.6,0.6666666666666666,0.43870000000000003,0.3777,4.033333333333333,5.0,,,,,,,,1.0,2.0,,,,4.0,,1.0,9.0,,6.0,2.0,,,3.0,3.0,1.0,6.0,,2.0,,1.0,,1.0,1.0,1.0,7.0,0.75,1.0,0.6666666666666666,0.6666666666666666,0.75,,,,,0.6666666666666666,,,1.0,0.3333333333333333,0.5,0.5,1.0,,,,,0.3333333333333333,0.16666666666666666,0.16666666666666666,,6.0,,,6.0,,0.43870000000000003,1.0,,,,,2.0,3.0,,2.0,4.0,6.0,1.0,9.0,,,9.0,,,0.6666666666666666,0.6666666666666666,1.0,0.75,1.0,,0.75,0.75,0.3333333333333333,0.2222222222222222,1.0,,,,,1.0,2.0,2.0,1.0,,,,,,1.0,,,,,1.0,1.0,,0.6666666666666666,,,,1.0,,,,,,,,,,,,,,,,,,,,,,,,,,,,0.5,,,,,,,,,,,,,,,,,,,,,,,,,,1610612764,2021,2020-21,False
201566-201577-202397-203078-203526,1610612764,"Russell Westbrook, Robin Lopez, Ish Smith, Bradley Beal, Raul Neto","Westbrook, Lopez, Smith, Beal, Neto",201566-201577-202397-203078-203526,WAS,148.0,1,2.0,-2.0,4.0,5.0,2.0,9.0,1.0,5.0,6.0,2.0,,1.0,1.0,1.0,2.0,3.0,,,,,,,,,0.5,0.3333333333333333,0.5,0.5,,0.5,87.56756756756756,15.0,17.6,13.0,15.2,0.16666666666666666,0.4559333333333333,0.47035,10.0,,2.0,,,,,,0.3333333333333333,1.0,2.0,1.0,1.0,,2.0,1.0,,4.0,,,4.0,1.0,,,,,,1.0,,,,,2.0,,,,,,0.4,0.3333333333333333,0.3333333333333333,0.16666666666666666,,,,,1.0,1.0,,0.3333333333333333,0.5,0.5,,0.5,0.5,0.16666666666666666,,0.5,,,25.1,,,,,,,,,,,,,,,4.0,,,,,,,,,,,,1.0,,1.0,,,,,1.0,,,,1.0,1.0,2.0,2.0,,,,,,,1.0,,,,,,1.0,1.0,,,0.5,1.0,,,,,,,,,,,,,,,,,,,,,,,,,,,,,,,,,,,,,,,,,,,,,,,,,,,1.0,,,,,1610612764,2021,2020-21,False
201566-201577-202722-203078-203526,1610612764,"Russell Westbrook, Robin Lopez, Davis Bertans, Bradley Beal, Raul Neto","Westbrook, Lopez, Bertans, Beal, Neto",201566-201577-202722-203078-203526,WAS,109.0,1,2.0,-9.0,4.0,5.0,,9.0,,1.0,12.0,,,,,,,,,,,1.0,2.0,,,,,,,,,,118.89908256880734,14.5,10.2,14.5,10.2,,0.45344999999999996,,21.8,1.0,1.0,,,,,,0.3333333333333333,,,1.0,2.0,,1.0,2.0,1.0,3.0,,2.0,,2.0,,1.0,1.0,,2.0,,,,,,1.0,2.0,,3.0,1.0,1.0,1.0,0.3333333333333333,0.375,0.6666666666666666,,,,,,,,,,,,1.0,1.0,0.6666666666666666,,0.6666666666666666,,,27.15,4.0,2.0,2.0,4.0,0.6666666666666666,0.45344999999999996,1.0,,,,,,,,,1.0,1.0,1.0,3.0,,1.0,3.0,1.0,1.0,1.0,0.3333333333333333,,0.375,,,,,,,1.0,1.0,1.0,,,,,,,,,,,,,,,,,,,,,,,,,,,,,,,,,,,,,,,,,,,,,,,,,,,,,,,,,,,,,,,,,,,,,,,,,,,,,,1610612764,2021,2020-21,False
201566-202722-203078-203458-203526,1610612764,"Russell Westbrook, Davis Bertans, Bradley Beal, Alex Len, Raul Neto","Westbrook, Bertans, Beal, Len, Neto",201566-202722-203078-203458-203526,WAS,76.0,1,1.0,-4.0,3.0,3.0,,6.0,2.0,3.0,6.0,,1.0,,,,,,,,,,,0.3333333333333333,0.5,,,,,,,,113.6842105263158,13.333333333333334,12.0,13.333333333333334,9.333333333333334,0.6666666666666666,0.42723333333333335,,9.5,,1.0,,,,,,0.3333333333333333,,,,,,1.0,,,2.0,,,2.0,,,,,,,,,,,,1.0,,,2.0,,,0.3333333333333333,0.3333333333333333,0.3333333333333333,,,,,,,,,,,,,,,,,,,,,,,,,,,,,,,,,1.0,,,,,,,,,,,,,,,,,,0.5,1.0,,,,,,,,,,,,,,,,,,,,,,,,,,,,,,,,,,,,,,,,,,,,,,,,,,,,,,,,,,,,,,,,,,,,,,,,,,,,,,,,,,,1610612764,2021,2020-21,False
201577-202397-202722-203078-203526,1610612764,"Robin Lopez, Ish Smith, Davis Bertans, Bradley Beal, Raul Neto","Lopez, Smith, Bertans, Beal, Neto",201577-202397-202722-203078-203526,WAS,99.0,1,2.0,-1.0,3.0,4.0,,7.0,1.0,2.0,4.0,,,,1.0,2.0,,2.0,,,,,1.0,,,,1.0,,1.0,,,,101.81818181818183,16.0,12.75,16.0,12.75,0.3333333333333333,0.46321666666666667,,5.6,4.0,,,,,,,,,1.0,,1.0,,1.0,1.0,1.0,3.0,,2.0,,1.0,,1.0,1.0,,2.0,,,1.0,1.0,1.0,1.0,2.0,1.0,3.0,1.0,1.0,0.5,0.3333333333333333,0.375,0.3333333333333333,,,1.0,,,,,0.3333333333333333,,,,,,0.3333333333333333,,0.6666666666666666,0.25,0.3333333333333333,25.6,3.0,1.0,1.0,3.0,0.3333333333333333,0.46321666666666667,1.0,,,,,1.0,1.0,,,1.0,2.0,1.0,3.0,,,3.0,,,0.5,0.3333333333333333,,0.375,,,1.0,1.0,0.3333333333333333,,1.0,,,,,,,1.0,,,,,,,,,,,,,,,1.0,,,,,,,,,,,,,,,,,,,,,,,,1.0,,,,,,,,,,,,,,,,,,,,,,,,,,,,,,,,,,1610612764,2021,2020-21,False
202397-202722-203078-203458-203526,1610612764,"Ish Smith, Davis Bertans, Bradley Beal, Alex Len, Raul Neto","Smith, Bertans, Beal, Len, Neto",202397-202722-203078-203458-203526,WAS,93.0,1,2.0,-2.0,3.0,3.0,2.0,6.0,2.0,3.0,4.0,1.0,1.0,1.0,1.0,1.0,2.0,3.0,,,,,1.0,0.3333333333333333,0.5,,1.0,0.5,1.0,0.5,0.5,1.0,92.90322580645162,18.0,13.0,16.333333333333332,13.0,0.4,0.55168,0.777,3.9333333333333336,,,,,,,,,1.0,1.0,,1.0,1.0,1.0,2.0,,2.0,1.0,,2.0,1.0,,,,,,1.0,,,,,,,,,,,0.3333333333333333,0.2,0.2,0.4,,,,,0.5,,,0.2,1.0,1.0,,,,0.2,0.5,0.6,,,25.3,,,,,,,,1.0,,0.2,,,,,2.0,,,,,,,,,,,,0.5,,,,,,,1.0,,,,1.0,1.0,1.0,2.0,,,,,,,,,,,,,1.0,0.5,,,0.5,1.0,,,,,,,,,,,,,,,,,,,,,,,,,,,,,,,,,,,,,,,,,1.0,,,,,,,,,,,,,,,1610612764,2021,2020-21,False
